id,name,AphiaID,url,scientificname,authority,status,unacceptreason,taxonRankID,rank,valid_AphiaID,valid_name,valid_authority,parentNameUsageID,kingdom,phylum,class,order,family,genus,citation,lsid,isMarine,isBrackish,isFreshwater,isTerrestrial,isExtinct,match_type,modified
1,Cephalopholis cruentata,279146,https://www.marinespecies.org/aphia.php?p=taxdetails&id=279146,Cephalopholis cruentata,"(Lacepède, 1802)",accepted,NA,220,Species,279146,Cephalopholis cruentata,"(Lacepède, 1802)",206732,Animalia,Chordata,Teleostei,Perciformes,Serranidae,Cephalopholis,"Froese, R. and D. Pauly. Editors. (2023). FishBase. Cephalopholis cruentata (Lacepède, 1802). Accessed through: World Register of Marine Species at: https://www.marinespecies.org/aphia.php?p=taxdetails&id=279146 on 2023-01-19",urn:lsid:marinespecies.org:taxname:279146,1,0,0,0,NA,exact,2008-01-15T17:27:08.177Z
2,Hypoplectrus gemma,281114,https://www.marinespecies.org/aphia.php?p=taxdetails&id=281114,Hypoplectrus gemma,"Goode & Bean, 1882",accepted,NA,220,Species,281114,Hypoplectrus gemma,"Goode & Bean, 1882",269456,Animalia,Chordata,Teleostei,Perciformes,Serranidae,Hypoplectrus,"Froese, R. and D. Pauly. Editors. (2023). FishBase. Hypoplectrus gemma Goode & Bean, 1882. Accessed through: World Register of Marine Species at: https://www.marinespecies.org/aphia.php?p=taxdetails&id=281114 on 2023-01-19",urn:lsid:marinespecies.org:taxname:281114,1,0,0,0,NA,exact,2008-01-15T17:27:08.177Z
3,Hypoplectrus nigricans,281118,https://www.marinespecies.org/aphia.php?p=taxdetails&id=281118,Hypoplectrus nigricans,"(Poey, 1852)",accepted,NA,220,Species,281118,Hypoplectrus nigricans,"(Poey, 1852)",269456,Animalia,Chordata,Teleostei,Perciformes,Serranidae,Hypoplectrus,"Froese, R. and D. Pauly. Editors. (2023). FishBase. Hypoplectrus nigricans (Poey, 1852). Accessed through: World Register of Marine Species at: https://www.marinespecies.org/aphia.php?p=taxdetails&id=281118 on 2023-01-19",urn:lsid:marinespecies.org:taxname:281118,1,0,0,0,NA,exact,2008-01-15T17:27:08.177Z
4,Hypoplectrus puella,281120,https://www.marinespecies.org/aphia.php?p=taxdetails&id=281120,Hypoplectrus puella,"(Cuvier, 1828)",accepted,NA,220,Species,281120,Hypoplectrus puella,"(Cuvier, 1828)",269456,Animalia,Chordata,Teleostei,Perciformes,Serranidae,Hypoplectrus,"Froese, R. and D. Pauly. Editors. (2023). FishBase. Hypoplectrus puella (Cuvier, 1828). Accessed through: World Register of Marine Species at: https://www.marinespecies.org/aphia.php?p=taxdetails&id=281120 on 2023-01-19",urn:lsid:marinespecies.org:taxname:281120,1,0,0,0,NA,exact,2008-01-15T17:27:08.177Z
5,Hypoplectrus unicolor,281121,https://www.marinespecies.org/aphia.php?p=taxdetails&id=281121,Hypoplectrus unicolor,"(Walbaum, 1792)",accepted,NA,220,Species,281121,Hypoplectrus unicolor,"(Walbaum, 1792)",269456,Animalia,Chordata,Teleostei,Perciformes,Serranidae,Hypoplectrus,"Froese, R. and D. Pauly. Editors. (2023). FishBase. Hypoplectrus unicolor (Walbaum, 1792). Accessed through: World Register of Marine Species at: https://www.marinespecies.org/aphia.php?p=taxdetails&id=281121 on 2023-01-19",urn:lsid:marinespecies.org:taxname:281121,1,0,0,0,NA,exact,2008-01-15T17:27:08.177Z
6,Serranus tigrinus,273909,https://www.marinespecies.org/aphia.php?p=taxdetails&id=273909,Serranus tigrinus,"(Bloch, 1790)",accepted,NA,220,Species,273909,Serranus tigrinus,"(Bloch, 1790)",126070,Animalia,Chordata,Teleostei,Perciformes,Serranidae,Serranus,"Froese, R. and D. Pauly. Editors. (2023). FishBase. Serranus tigrinus (Bloch, 1790). Accessed through: World Register of Marine Species at: https://www.marinespecies.org/aphia.php?p=taxdetails&id=273909 on 2023-01-19",urn:lsid:marinespecies.org:taxname:273909,1,0,0,0,NA,exact,2008-01-15T17:27:08.177Z
7,Serranus tortugarum,273910,https://www.marinespecies.org/aphia.php?p=taxdetails&id=273910,Serranus tortugarum,"Longley, 1935",accepted,NA,220,Species,273910,Serranus tortugarum,"Longley, 1935",126070,Animalia,Chordata,Teleostei,Perciformes,Serranidae,Serranus,"Froese, R. and D. Pauly. Editors. (2023). FishBase. Serranus tortugarum Longley, 1935. Accessed through: World Register of Marine Species at: https://www.marinespecies.org/aphia.php?p=taxdetails&id=273910 on 2023-01-19",urn:lsid:marinespecies.org:taxname:273910,1,0,0,0,NA,exact,2008-01-15T17:27:08.177Z
8,Pomacanthus arcuatus,159287,https://www.marinespecies.org/aphia.php?p=taxdetails&id=159287,Pomacanthus arcuatus,"(Linnaeus, 1758)",accepted,NA,220,Species,159287,Pomacanthus arcuatus,"(Linnaeus, 1758)",159286,Animalia,Chordata,Teleostei,Acanthuriformes,Pomacanthidae,Pomacanthus,"Froese, R. and D. Pauly. Editors. (2023). FishBase. Pomacanthus arcuatus (Linnaeus, 1758). Accessed through: World Register of Marine Species at: https://www.marinespecies.org/aphia.php?p=taxdetails&id=159287 on 2023-01-19",urn:lsid:marinespecies.org:taxname:159287,1,0,0,0,NA,exact,2008-01-15T17:27:08.177Z
9,Microspathodon chrysurus,281571,https://www.marinespecies.org/aphia.php?p=taxdetails&id=281571,Microspathodon chrysurus,"(Cuvier, 1830)",accepted,NA,220,Species,281571,Microspathodon chrysurus,"(Cuvier, 1830)",269877,Animalia,Chordata,Teleostei,Ovalentaria incertae sedis,Pomacentridae,Microspathodon,"Froese, R. and D. Pauly. Editors. (2023). FishBase. Microspathodon chrysurus (Cuvier, 1830). Accessed through: World Register of Marine Species at: https://www.marinespecies.org/aphia.php?p=taxdetails&id=281571 on 2023-01-19",urn:lsid:marinespecies.org:taxname:281571,1,0,0,0,NA,exact,2008-01-15T17:27:08.177Z
10,Stegastes adustus,276659,https://www.marinespecies.org/aphia.php?p=taxdetails&id=276659,Stegastes adustus,"(Troschel, 1865)",accepted,NA,220,Species,276659,Stegastes adustus,"(Troschel, 1865)",203822,Animalia,Chordata,Teleostei,Ovalentaria incertae sedis,Pomacentridae,Stegastes,"Froese, R. and D. Pauly. Editors. (2023). FishBase. Stegastes adustus (Troschel, 1865). Accessed through: World Register of Marine Species at: https://www.marinespecies.org/aphia.php?p=taxdetails&id=276659 on 2023-01-19",urn:lsid:marinespecies.org:taxname:276659,1,0,0,0,NA,exact,2008-01-15T17:27:08.177Z
11,Stegastes planifrons,276679,https://www.marinespecies.org/aphia.php?p=taxdetails&id=276679,Stegastes planifrons,"(Cuvier, 1830)",accepted,NA,220,Species,276679,Stegastes planifrons,"(Cuvier, 1830)",203822,Animalia,Chordata,Teleostei,Ovalentaria incertae sedis,Pomacentridae,Stegastes,"Froese, R. and D. Pauly. Editors. (2023). FishBase. Stegastes planifrons (Cuvier, 1830). Accessed through: World Register of Marine Species at: https://www.marinespecies.org/aphia.php?p=taxdetails&id=276679 on 2023-01-19",urn:lsid:marinespecies.org:taxname:276679,1,0,0,0,NA,exact,2008-01-15T17:27:08.177Z
12,Holacanthus ciliaris,276012,https://www.marinespecies.org/aphia.php?p=taxdetails&id=276012,Holacanthus ciliaris,"(Linnaeus, 1758)",accepted,NA,220,Species,276012,Holacanthus ciliaris,"(Linnaeus, 1758)",159282,Animalia,Chordata,Teleostei,Acanthuriformes,Pomacanthidae,Holacanthus,"Froese, R. and D. Pauly. Editors. (2023). FishBase. Holacanthus ciliaris (Linnaeus, 1758). Accessed through: World Register of Marine Species at: https://www.marinespecies.org/aphia.php?p=taxdetails&id=276012 on 2023-01-19",urn:lsid:marinespecies.org:taxname:276012,1,0,0,0,NA,exact,2008-01-15T17:27:08.177Z
13,Stegastes diencaeus,276666,https://www.marinespecies.org/aphia.php?p=taxdetails&id=276666,Stegastes diencaeus,"(Jordan & Rutter, 1897)",accepted,NA,220,Species,276666,Stegastes diencaeus,"(Jordan & Rutter, 1897)",203822,Animalia,Chordata,Teleostei,Ovalentaria incertae sedis,Pomacentridae,Stegastes,"Froese, R. and D. Pauly. Editors. (2023). FishBase. Stegastes diencaeus (Jordan & Rutter, 1897). Accessed through: World Register of Marine Species at: https://www.marinespecies.org/aphia.php?p=taxdetails&id=276666 on 2023-01-19",urn:lsid:marinespecies.org:taxname:276666,1,0,0,0,NA,exact,2008-01-15T17:27:08.177Z
14,Abudefduf saxatilis,159288,https://www.marinespecies.org/aphia.php?p=taxdetails&id=159288,Abudefduf saxatilis,"(Linnaeus, 1758)",accepted,NA,220,Species,159288,Abudefduf saxatilis,"(Linnaeus, 1758)",126044,Animalia,Chordata,Teleostei,Ovalentaria incertae sedis,Pomacentridae,Abudefduf,"Froese, R. and D. Pauly. Editors. (2023). FishBase. Abudefduf saxatilis (Linnaeus, 1758). Accessed through: World Register of Marine Species at: https://www.marinespecies.org/aphia.php?p=taxdetails&id=159288 on 2023-01-19",urn:lsid:marinespecies.org:taxname:159288,1,0,0,0,NA,exact,2008-01-15T17:27:08.177Z
15,Chaetodon striatus,159663,https://www.marinespecies.org/aphia.php?p=taxdetails&id=159663,Chaetodon striatus,"Linnaeus, 1758",accepted,NA,220,Species,159663,Chaetodon striatus,"Linnaeus, 1758",125954,Animalia,Chordata,Teleostei,Acanthuriformes,Chaetodontidae,Chaetodon,"Froese, R. and D. Pauly. Editors. (2023). FishBase. Chaetodon striatus Linnaeus, 1758. Accessed through: World Register of Marine Species at: https://www.marinespecies.org/aphia.php?p=taxdetails&id=159663 on 2023-01-19",urn:lsid:marinespecies.org:taxname:159663,1,0,0,0,NA,exact,2008-01-15T17:27:08.177Z
16,Stegastes partitus,276677,https://www.marinespecies.org/aphia.php?p=taxdetails&id=276677,Stegastes partitus,"(Poey, 1868)",accepted,NA,220,Species,276677,Stegastes partitus,"(Poey, 1868)",203822,Animalia,Chordata,Teleostei,Ovalentaria incertae sedis,Pomacentridae,Stegastes,"Froese, R. and D. Pauly. Editors. (2023). FishBase. Stegastes partitus (Poey, 1868). Accessed through: World Register of Marine Species at: https://www.marinespecies.org/aphia.php?p=taxdetails&id=276677 on 2023-01-19",urn:lsid:marinespecies.org:taxname:276677,1,0,0,0,NA,exact,2008-01-15T17:27:08.177Z
17,Prognathodes aculeatus,273369,https://www.marinespecies.org/aphia.php?p=taxdetails&id=273369,Prognathodes aculeatus,"(Poey, 1860)",accepted,NA,220,Species,273369,Prognathodes aculeatus,"(Poey, 1860)",125955,Animalia,Chordata,Teleostei,Acanthuriformes,Chaetodontidae,Prognathodes,"Froese, R. and D. Pauly. Editors. (2023). FishBase. Prognathodes aculeatus (Poey, 1860). Accessed through: World Register of Marine Species at: https://www.marinespecies.org/aphia.php?p=taxdetails&id=273369 on 2023-01-19",urn:lsid:marinespecies.org:taxname:273369,1,0,0,0,NA,exact,2008-01-15T17:27:08.177Z
18,Chaetodon ocellatus,159662,https://www.marinespecies.org/aphia.php?p=taxdetails&id=159662,Chaetodon ocellatus,"Bloch, 1787",accepted,NA,220,Species,159662,Chaetodon ocellatus,"Bloch, 1787",125954,Animalia,Chordata,Teleostei,Acanthuriformes,Chaetodontidae,Chaetodon,"Froese, R. and D. Pauly. Editors. (2023). FishBase. Chaetodon ocellatus Bloch, 1787. Accessed through: World Register of Marine Species at: https://www.marinespecies.org/aphia.php?p=taxdetails&id=159662 on 2023-01-19",urn:lsid:marinespecies.org:taxname:159662,1,0,0,0,NA,exact,2008-01-15T17:27:08.177Z
19,Chaetodon capistratus,159661,https://www.marinespecies.org/aphia.php?p=taxdetails&id=159661,Chaetodon capistratus,"Linnaeus, 1758",accepted,NA,220,Species,159661,Chaetodon capistratus,"Linnaeus, 1758",125954,Animalia,Chordata,Teleostei,Acanthuriformes,Chaetodontidae,Chaetodon,"Froese, R. and D. Pauly. Editors. (2023). FishBase. Chaetodon capistratus Linnaeus, 1758. Accessed through: World Register of Marine Species at: https://www.marinespecies.org/aphia.php?p=taxdetails&id=159661 on 2023-01-19",urn:lsid:marinespecies.org:taxname:159661,1,0,0,0,NA,exact,2008-01-15T17:27:08.177Z
20,Haemulon parra,275731,https://www.marinespecies.org/aphia.php?p=taxdetails&id=275731,Haemulon parra,"(Desmarest, 1823)",accepted,NA,220,Species,275731,Haemulon parra,"(Desmarest, 1823)",158806,Animalia,Chordata,Teleostei,Eupercaria incertae sedis,Haemulidae,Haemulon,"Froese, R. and D. Pauly. Editors. (2023). FishBase. Haemulon parra (Desmarest, 1823). Accessed through: World Register of Marine Species at: https://www.marinespecies.org/aphia.php?p=taxdetails&id=275731 on 2023-01-19",urn:lsid:marinespecies.org:taxname:275731,1,0,0,0,NA,exact,2008-01-15T17:27:08.177Z
21,Haemulon macrostomum,275728,https://www.marinespecies.org/aphia.php?p=taxdetails&id=275728,Haemulon macrostomum,"Günther, 1859",accepted,NA,220,Species,275728,Haemulon macrostomum,"Günther, 1859",158806,Animalia,Chordata,Teleostei,Eupercaria incertae sedis,Haemulidae,Haemulon,"Froese, R. and D. Pauly. Editors. (2023). FishBase. Haemulon macrostomum Günther, 1859. Accessed through: World Register of Marine Species at: https://www.marinespecies.org/aphia.php?p=taxdetails&id=275728 on 2023-01-19",urn:lsid:marinespecies.org:taxname:275728,1,0,0,0,NA,exact,2008-01-15T17:27:08.177Z
22,Haemulon flavolineatum,275727,https://www.marinespecies.org/aphia.php?p=taxdetails&id=275727,Haemulon flavolineatum,"(Desmarest, 1823)",accepted,NA,220,Species,275727,Haemulon flavolineatum,"(Desmarest, 1823)",158806,Animalia,Chordata,Teleostei,Eupercaria incertae sedis,Haemulidae,Haemulon,"Froese, R. and D. Pauly. Editors. (2023). FishBase. Haemulon flavolineatum (Desmarest, 1823). Accessed through: World Register of Marine Species at: https://www.marinespecies.org/aphia.php?p=taxdetails&id=275727 on 2023-01-19",urn:lsid:marinespecies.org:taxname:275727,1,0,0,0,NA,exact,2008-01-15T17:27:08.177Z
23,Haemulon plumierii,158808,https://www.marinespecies.org/aphia.php?p=taxdetails&id=158808,Haemulon plumierii,"(Lacepède, 1801)",accepted,NA,220,Species,158808,Haemulon plumierii,"(Lacepède, 1801)",158806,Animalia,Chordata,Teleostei,Eupercaria incertae sedis,Haemulidae,Haemulon,"Froese, R. and D. Pauly. Editors. (2023). FishBase. Haemulon plumierii (Lacepède, 1801). Accessed through: World Register of Marine Species at: https://www.marinespecies.org/aphia.php?p=taxdetails&id=158808 on 2023-01-19",urn:lsid:marinespecies.org:taxname:158808,1,0,0,0,NA,exact,2008-01-15T17:27:08.177Z
24,Haemulon aurolineatum,158807,https://www.marinespecies.org/aphia.php?p=taxdetails&id=158807,Haemulon aurolineatum,"Cuvier, 1830",accepted,NA,220,Species,158807,Haemulon aurolineatum,"Cuvier, 1830",158806,Animalia,Chordata,Teleostei,Eupercaria incertae sedis,Haemulidae,Haemulon,"Froese, R. and D. Pauly. Editors. (2023). FishBase. Haemulon aurolineatum Cuvier, 1830. Accessed through: World Register of Marine Species at: https://www.marinespecies.org/aphia.php?p=taxdetails&id=158807 on 2023-01-19",urn:lsid:marinespecies.org:taxname:158807,1,0,0,0,NA,exact,2008-01-15T17:27:08.177Z
25,Haemulon carbonarium,275724,https://www.marinespecies.org/aphia.php?p=taxdetails&id=275724,Haemulon carbonarium,"Poey, 1860",accepted,NA,220,Species,275724,Haemulon carbonarium,"Poey, 1860",158806,Animalia,Chordata,Teleostei,Eupercaria incertae sedis,Haemulidae,Haemulon,"Froese, R. and D. Pauly. Editors. (2023). FishBase. Haemulon carbonarium Poey, 1860. Accessed through: World Register of Marine Species at: https://www.marinespecies.org/aphia.php?p=taxdetails&id=275724 on 2023-01-19",urn:lsid:marinespecies.org:taxname:275724,1,0,0,0,NA,exact,2008-01-15T17:27:08.177Z
26,Lutjanus cyanopterus,159796,https://www.marinespecies.org/aphia.php?p=taxdetails&id=159796,Lutjanus cyanopterus,"(Cuvier, 1828)",accepted,NA,220,Species,159796,Lutjanus cyanopterus,"(Cuvier, 1828)",159791,Animalia,Chordata,Teleostei,Eupercaria incertae sedis,Lutjanidae,Lutjanus,"Froese, R. and D. Pauly. Editors. (2023). FishBase. Lutjanus cyanopterus (Cuvier, 1828). Accessed through: World Register of Marine Species at: https://www.marinespecies.org/aphia.php?p=taxdetails&id=159796 on 2023-01-19",urn:lsid:marinespecies.org:taxname:159796,1,1,0,0,NA,exact,2008-01-15T17:27:08.177Z
27,Lutjanus synagris,159800,https://www.marinespecies.org/aphia.php?p=taxdetails&id=159800,Lutjanus synagris,"(Linnaeus, 1758)",accepted,NA,220,Species,159800,Lutjanus synagris,"(Linnaeus, 1758)",159791,Animalia,Chordata,Teleostei,Eupercaria incertae sedis,Lutjanidae,Lutjanus,"Froese, R. and D. Pauly. Editors. (2023). FishBase. Lutjanus synagris (Linnaeus, 1758). Accessed through: World Register of Marine Species at: https://www.marinespecies.org/aphia.php?p=taxdetails&id=159800 on 2023-01-19",urn:lsid:marinespecies.org:taxname:159800,1,0,0,0,NA,exact,2008-01-15T17:27:08.177Z
28,Haemulon steindachneri,275738,https://www.marinespecies.org/aphia.php?p=taxdetails&id=275738,Haemulon steindachneri,"(Jordan & Gilbert, 1882)",accepted,NA,220,Species,275738,Haemulon steindachneri,"(Jordan & Gilbert, 1882)",158806,Animalia,Chordata,Teleostei,Eupercaria incertae sedis,Haemulidae,Haemulon,"Froese, R. and D. Pauly. Editors. (2023). FishBase. Haemulon steindachneri (Jordan & Gilbert, 1882). Accessed through: World Register of Marine Species at: https://www.marinespecies.org/aphia.php?p=taxdetails&id=275738 on 2023-01-19",urn:lsid:marinespecies.org:taxname:275738,1,0,0,0,NA,exact,2008-01-15T17:27:08.177Z
29,Anisotremus virginicus,279625,https://www.marinespecies.org/aphia.php?p=taxdetails&id=279625,Anisotremus virginicus,"(Linnaeus, 1758)",accepted,NA,220,Species,279625,Anisotremus virginicus,"(Linnaeus, 1758)",268319,Animalia,Chordata,Teleostei,Eupercaria incertae sedis,Haemulidae,Anisotremus,"Froese, R. and D. Pauly. Editors. (2023). FishBase. Anisotremus virginicus (Linnaeus, 1758). Accessed through: World Register of Marine Species at: https://www.marinespecies.org/aphia.php?p=taxdetails&id=279625 on 2023-01-19",urn:lsid:marinespecies.org:taxname:279625,1,0,0,0,NA,exact,2008-01-15T17:27:08.177Z
30,Lutjanus griseus,159797,https://www.marinespecies.org/aphia.php?p=taxdetails&id=159797,Lutjanus griseus,"(Linnaeus, 1758)",accepted,NA,220,Species,159797,Lutjanus griseus,"(Linnaeus, 1758)",159791,Animalia,Chordata,Teleostei,Eupercaria incertae sedis,Lutjanidae,Lutjanus,"Froese, R. and D. Pauly. Editors. (2023). FishBase. Lutjanus griseus (Linnaeus, 1758). Accessed through: World Register of Marine Species at: https://www.marinespecies.org/aphia.php?p=taxdetails&id=159797 on 2023-01-19",urn:lsid:marinespecies.org:taxname:159797,1,1,1,0,NA,exact,2008-01-15T17:27:08.177Z
31,Lutjanus apodus,159793,https://www.marinespecies.org/aphia.php?p=taxdetails&id=159793,Lutjanus apodus,"(Walbaum, 1792)",accepted,NA,220,Species,159793,Lutjanus apodus,"(Walbaum, 1792)",159791,Animalia,Chordata,Teleostei,Eupercaria incertae sedis,Lutjanidae,Lutjanus,"Froese, R. and D. Pauly. Editors. (2023). FishBase. Lutjanus apodus (Walbaum, 1792). Accessed through: World Register of Marine Species at: https://www.marinespecies.org/aphia.php?p=taxdetails&id=159793 on 2023-01-19",urn:lsid:marinespecies.org:taxname:159793,1,1,0,0,NA,exact,2008-01-15T17:27:08.177Z
32,Lutjanus analis,159792,https://www.marinespecies.org/aphia.php?p=taxdetails&id=159792,Lutjanus analis,"(Cuvier, 1828)",accepted,NA,220,Species,159792,Lutjanus analis,"(Cuvier, 1828)",159791,Animalia,Chordata,Teleostei,Eupercaria incertae sedis,Lutjanidae,Lutjanus,"Froese, R. and D. Pauly. Editors. (2023). FishBase. Lutjanus analis (Cuvier, 1828). Accessed through: World Register of Marine Species at: https://www.marinespecies.org/aphia.php?p=taxdetails&id=159792 on 2023-01-19",urn:lsid:marinespecies.org:taxname:159792,1,1,0,0,NA,exact,2008-01-15T17:27:08.177Z
33,Lutjanus jocu,159798,https://www.marinespecies.org/aphia.php?p=taxdetails&id=159798,Lutjanus jocu,"(Bloch & Schneider, 1801)",accepted,NA,220,Species,159798,Lutjanus jocu,"(Bloch & Schneider, 1801)",159791,Animalia,Chordata,Teleostei,Eupercaria incertae sedis,Lutjanidae,Lutjanus,"Froese, R. and D. Pauly. Editors. (2023). FishBase. Lutjanus jocu (Bloch & Schneider, 1801). Accessed through: World Register of Marine Species at: https://www.marinespecies.org/aphia.php?p=taxdetails&id=159798 on 2023-01-19",urn:lsid:marinespecies.org:taxname:159798,1,1,1,0,NA,exact,2008-01-15T17:27:08.177Z
34,Halichoeres bivittatus,158815,https://www.marinespecies.org/aphia.php?p=taxdetails&id=158815,Halichoeres bivittatus,"(Bloch, 1791)",accepted,NA,220,Species,158815,Halichoeres bivittatus,"(Bloch, 1791)",158813,Animalia,Chordata,Teleostei,Eupercaria incertae sedis,Labridae,Halichoeres,"Froese, R. and D. Pauly. Editors. (2023). FishBase. Halichoeres bivittatus (Bloch, 1791). Accessed through: World Register of Marine Species at: https://www.marinespecies.org/aphia.php?p=taxdetails&id=158815 on 2023-01-19",urn:lsid:marinespecies.org:taxname:158815,1,0,0,0,NA,exact,2008-01-15T17:27:08.177Z
35,Bodianus rufus,273541,https://www.marinespecies.org/aphia.php?p=taxdetails&id=273541,Bodianus rufus,"(Linnaeus, 1758)",accepted,NA,220,Species,273541,Bodianus rufus,"(Linnaeus, 1758)",126017,Animalia,Chordata,Teleostei,Eupercaria incertae sedis,Labridae,Bodianus,"Froese, R. and D. Pauly. Editors. (2023). FishBase. Bodianus rufus (Linnaeus, 1758). Accessed through: World Register of Marine Species at: https://www.marinespecies.org/aphia.php?p=taxdetails&id=273541 on 2023-01-19",urn:lsid:marinespecies.org:taxname:273541,1,0,0,0,NA,exact,2008-01-15T17:27:08.177Z
36,Ocyurus chrysurus,159803,https://www.marinespecies.org/aphia.php?p=taxdetails&id=159803,Ocyurus chrysurus,"(Bloch, 1791)",accepted,NA,220,Species,159803,Ocyurus chrysurus,"(Bloch, 1791)",159802,Animalia,Chordata,Teleostei,Eupercaria incertae sedis,Lutjanidae,Ocyurus,"Froese, R. and D. Pauly. Editors. (2023). FishBase. Ocyurus chrysurus (Bloch, 1791). Accessed through: World Register of Marine Species at: https://www.marinespecies.org/aphia.php?p=taxdetails&id=159803 on 2023-01-19",urn:lsid:marinespecies.org:taxname:159803,1,0,0,0,NA,exact,2008-01-15T17:27:08.177Z
37,Halichoeres pictus,275788,https://www.marinespecies.org/aphia.php?p=taxdetails&id=275788,Halichoeres pictus,"(Poey, 1860)",accepted,NA,220,Species,275788,Halichoeres pictus,"(Poey, 1860)",158813,Animalia,Chordata,Teleostei,Eupercaria incertae sedis,Labridae,Halichoeres,"Froese, R. and D. Pauly. Editors. (2023). FishBase. Halichoeres pictus (Poey, 1860). Accessed through: World Register of Marine Species at: https://www.marinespecies.org/aphia.php?p=taxdetails&id=275788 on 2023-01-19",urn:lsid:marinespecies.org:taxname:275788,1,0,0,0,NA,exact,2008-01-15T17:27:08.177Z
38,Halichoeres maculipinna,275772,https://www.marinespecies.org/aphia.php?p=taxdetails&id=275772,Halichoeres maculipinna,"(Müller & Troschel, 1848)",accepted,NA,220,Species,275772,Halichoeres maculipinna,"(Müller & Troschel, 1848)",158813,Animalia,Chordata,Teleostei,Eupercaria incertae sedis,Labridae,Halichoeres,"Froese, R. and D. Pauly. Editors. (2023). FishBase. Halichoeres maculipinna (Müller & Troschel, 1848). Accessed through: World Register of Marine Species at: https://www.marinespecies.org/aphia.php?p=taxdetails&id=275772 on 2023-01-19",urn:lsid:marinespecies.org:taxname:275772,1,0,0,0,NA,exact,2008-01-15T17:27:08.177Z
39,Halichoeres poeyi,275790,https://www.marinespecies.org/aphia.php?p=taxdetails&id=275790,Halichoeres poeyi,"(Steindachner, 1867)",accepted,NA,220,Species,275790,Halichoeres poeyi,"(Steindachner, 1867)",158813,Animalia,Chordata,Teleostei,Eupercaria incertae sedis,Labridae,Halichoeres,"Froese, R. and D. Pauly. Editors. (2023). FishBase. Halichoeres poeyi (Steindachner, 1867). Accessed through: World Register of Marine Species at: https://www.marinespecies.org/aphia.php?p=taxdetails&id=275790 on 2023-01-19",urn:lsid:marinespecies.org:taxname:275790,1,0,0,0,NA,exact,2008-01-15T17:27:08.177Z
40,Thalassoma bifasciatum,159786,https://www.marinespecies.org/aphia.php?p=taxdetails&id=159786,Thalassoma bifasciatum,"(Bloch, 1791)",accepted,NA,220,Species,159786,Thalassoma bifasciatum,"(Bloch, 1791)",126024,Animalia,Chordata,Teleostei,Eupercaria incertae sedis,Labridae,Thalassoma,"Froese, R. and D. Pauly. Editors. (2023). FishBase. Thalassoma bifasciatum (Bloch, 1791). Accessed through: World Register of Marine Species at: https://www.marinespecies.org/aphia.php?p=taxdetails&id=159786 on 2023-01-19",urn:lsid:marinespecies.org:taxname:159786,1,0,0,0,NA,exact,2008-01-15T17:27:08.177Z
41,Acanthurus coeruleus,159581,https://www.marinespecies.org/aphia.php?p=taxdetails&id=159581,Acanthurus coeruleus,"Bloch & Schneider, 1801",accepted,NA,220,Species,159581,Acanthurus coeruleus,"Bloch & Schneider, 1801",125908,Animalia,Chordata,Teleostei,Acanthuriformes,Acanthuridae,Acanthurus,"Froese, R. and D. Pauly. Editors. (2023). FishBase. Acanthurus coeruleus Bloch & Schneider, 1801. Accessed through: World Register of Marine Species at: https://www.marinespecies.org/aphia.php?p=taxdetails&id=159581 on 2023-01-19",urn:lsid:marinespecies.org:taxname:159581,1,0,0,0,NA,exact,2008-01-15T17:27:08.177Z
42,Acanthurus bahianus,159578,https://www.marinespecies.org/aphia.php?p=taxdetails&id=159578,Acanthurus bahianus,"Castelnau, 1855",accepted,NA,220,Species,159578,Acanthurus bahianus,"Castelnau, 1855",125908,Animalia,Chordata,Teleostei,Acanthuriformes,Acanthuridae,Acanthurus,"Froese, R. and D. Pauly. Editors. (2023). FishBase. Acanthurus bahianus Castelnau, 1855. Accessed through: World Register of Marine Species at: https://www.marinespecies.org/aphia.php?p=taxdetails&id=159578 on 2023-01-19",urn:lsid:marinespecies.org:taxname:159578,1,0,0,0,NA,exact,2008-01-15T17:27:08.177Z
43,Acanthurus chirurgus,159580,https://www.marinespecies.org/aphia.php?p=taxdetails&id=159580,Acanthurus chirurgus,"(Bloch, 1787)",accepted,NA,220,Species,159580,Acanthurus chirurgus,"(Bloch, 1787)",125908,Animalia,Chordata,Teleostei,Acanthuriformes,Acanthuridae,Acanthurus,"Froese, R. and D. Pauly. Editors. (2023). FishBase. Acanthurus chirurgus (Bloch, 1787). Accessed through: World Register of Marine Species at: https://www.marinespecies.org/aphia.php?p=taxdetails&id=159580 on 2023-01-19",urn:lsid:marinespecies.org:taxname:159580,1,0,0,0,NA,exact,2008-01-15T17:27:08.177Z
44,Scarus iseri,276052,https://www.marinespecies.org/aphia.php?p=taxdetails&id=276052,Scarus iseri,"(Bloch, 1789)",accepted,NA,220,Species,276052,Scarus iseri,"(Bloch, 1789)",159299,Animalia,Chordata,Teleostei,Eupercaria incertae sedis,Scaridae,Scarus,"Froese, R. and D. Pauly. Editors. (2023). FishBase. Scarus iseri (Bloch, 1789). Accessed through: World Register of Marine Species at: https://www.marinespecies.org/aphia.php?p=taxdetails&id=276052 on 2023-01-19",urn:lsid:marinespecies.org:taxname:276052,1,0,0,0,NA,exact,2008-01-15T17:27:08.177Z
45,Sparisoma aurofrenatum,273772,https://www.marinespecies.org/aphia.php?p=taxdetails&id=273772,Sparisoma aurofrenatum,"(Valenciennes, 1840)",accepted,NA,220,Species,273772,Sparisoma aurofrenatum,"(Valenciennes, 1840)",126051,Animalia,Chordata,Teleostei,Eupercaria incertae sedis,Scaridae,Sparisoma,"Froese, R. and D. Pauly. Editors. (2023). FishBase. Sparisoma aurofrenatum (Valenciennes, 1840). Accessed through: World Register of Marine Species at: https://www.marinespecies.org/aphia.php?p=taxdetails&id=273772 on 2023-01-19",urn:lsid:marinespecies.org:taxname:273772,1,0,0,0,NA,exact,2008-01-15T17:27:08.177Z
46,Sparisoma viride,273780,https://www.marinespecies.org/aphia.php?p=taxdetails&id=273780,Sparisoma viride,"(Bonnaterre, 1788)",accepted,NA,220,Species,273780,Sparisoma viride,"(Bonnaterre, 1788)",126051,Animalia,Chordata,Teleostei,Eupercaria incertae sedis,Scaridae,Sparisoma,"Froese, R. and D. Pauly. Editors. (2023). FishBase. Sparisoma viride (Bonnaterre, 1788). Accessed through: World Register of Marine Species at: https://www.marinespecies.org/aphia.php?p=taxdetails&id=273780 on 2023-01-19",urn:lsid:marinespecies.org:taxname:273780,1,0,0,0,NA,exact,2008-01-15T17:27:08.177Z
47,Scarus trispinosus,276063,https://www.marinespecies.org/aphia.php?p=taxdetails&id=276063,Scarus trispinosus,"Valenciennes, 1840",accepted,NA,220,Species,276063,Scarus trispinosus,"Valenciennes, 1840",159299,Animalia,Chordata,Teleostei,Eupercaria incertae sedis,Scaridae,Scarus,"Froese, R. and D. Pauly. Editors. (2023). FishBase. Scarus trispinosus Valenciennes, 1840. Accessed through: World Register of Marine Species at: https://www.marinespecies.org/aphia.php?p=taxdetails&id=276063 on 2023-01-19",urn:lsid:marinespecies.org:taxname:276063,1,0,0,0,NA,exact,2008-01-15T17:27:08.177Z
48,Sparisoma rubripinne,159301,https://www.marinespecies.org/aphia.php?p=taxdetails&id=159301,Sparisoma rubripinne,"(Valenciennes, 1840)",accepted,NA,220,Species,159301,Sparisoma rubripinne,"(Valenciennes, 1840)",126051,Animalia,Chordata,Teleostei,Eupercaria incertae sedis,Scaridae,Sparisoma,"Froese, R. and D. Pauly. Editors. (2023). FishBase. Sparisoma rubripinne (Valenciennes, 1840). Accessed through: World Register of Marine Species at: https://www.marinespecies.org/aphia.php?p=taxdetails&id=159301 on 2023-01-19",urn:lsid:marinespecies.org:taxname:159301,1,0,0,0,NA,exact,2008-01-15T17:27:08.177Z
49,Sparisoma radians,273777,https://www.marinespecies.org/aphia.php?p=taxdetails&id=273777,Sparisoma radians,"(Valenciennes, 1840)",accepted,NA,220,Species,273777,Sparisoma radians,"(Valenciennes, 1840)",126051,Animalia,Chordata,Teleostei,Eupercaria incertae sedis,Scaridae,Sparisoma,"Froese, R. and D. Pauly. Editors. (2023). FishBase. Sparisoma radians (Valenciennes, 1840). Accessed through: World Register of Marine Species at: https://www.marinespecies.org/aphia.php?p=taxdetails&id=273777 on 2023-01-19",urn:lsid:marinespecies.org:taxname:273777,1,0,0,0,NA,exact,2008-01-15T17:27:08.177Z
50,Sparisoma chrysopterum,273774,https://www.marinespecies.org/aphia.php?p=taxdetails&id=273774,Sparisoma chrysopterum,"(Bloch & Schneider, 1801)",accepted,NA,220,Species,273774,Sparisoma chrysopterum,"(Bloch & Schneider, 1801)",126051,Animalia,Chordata,Teleostei,Eupercaria incertae sedis,Scaridae,Sparisoma,"Froese, R. and D. Pauly. Editors. (2023). FishBase. Sparisoma chrysopterum (Bloch & Schneider, 1801). Accessed through: World Register of Marine Species at: https://www.marinespecies.org/aphia.php?p=taxdetails&id=273774 on 2023-01-19",urn:lsid:marinespecies.org:taxname:273774,1,0,0,0,NA,exact,2008-01-15T17:27:08.177Z
51,Coryphopterus glaucofraenum,159736,https://www.marinespecies.org/aphia.php?p=taxdetails&id=159736,Coryphopterus glaucofraenum,"Gill, 1863",accepted,NA,220,Species,159736,Coryphopterus glaucofraenum,"Gill, 1863",159735,Animalia,Chordata,Teleostei,Gobiiformes,Gobiidae,Coryphopterus,"Froese, R. and D. Pauly. Editors. (2023). FishBase. Coryphopterus glaucofraenum Gill, 1863. Accessed through: World Register of Marine Species at: https://www.marinespecies.org/aphia.php?p=taxdetails&id=159736 on 2023-01-19",urn:lsid:marinespecies.org:taxname:159736,1,0,0,0,NA,exact,2008-01-15T17:27:08.177Z
52,Coryphopterus personatus,276432,https://www.marinespecies.org/aphia.php?p=taxdetails&id=276432,Coryphopterus personatus,"(Jordan & Thompson, 1905)",accepted,NA,220,Species,276432,Coryphopterus personatus,"(Jordan & Thompson, 1905)",159735,Animalia,Chordata,Teleostei,Gobiiformes,Gobiidae,Coryphopterus,"Froese, R. and D. Pauly. Editors. (2023). FishBase. Coryphopterus personatus (Jordan & Thompson, 1905). Accessed through: World Register of Marine Species at: https://www.marinespecies.org/aphia.php?p=taxdetails&id=276432 on 2023-01-19",urn:lsid:marinespecies.org:taxname:276432,1,0,0,0,NA,exact,2008-01-15T17:27:08.177Z
53,Coryphopterus eidolon,276426,https://www.marinespecies.org/aphia.php?p=taxdetails&id=276426,Coryphopterus eidolon,"Böhlke & Robins, 1960",accepted,NA,220,Species,276426,Coryphopterus eidolon,"Böhlke & Robins, 1960",159735,Animalia,Chordata,Teleostei,Gobiiformes,Gobiidae,Coryphopterus,"Froese, R. and D. Pauly. Editors. (2023). FishBase. Coryphopterus eidolon Böhlke & Robins, 1960. Accessed through: World Register of Marine Species at: https://www.marinespecies.org/aphia.php?p=taxdetails&id=276426 on 2023-01-19",urn:lsid:marinespecies.org:taxname:276426,1,0,0,0,NA,exact,2008-01-15T17:27:08.177Z
54,Microgobius microlepis,275717,https://www.marinespecies.org/aphia.php?p=taxdetails&id=275717,Microgobius microlepis,"Longley & Hildebrand, 1940",accepted,NA,220,Species,275717,Microgobius microlepis,"Longley & Hildebrand, 1940",158803,Animalia,Chordata,Teleostei,Gobiiformes,Gobiidae,Microgobius,"Froese, R. and D. Pauly. Editors. (2023). FishBase. Microgobius microlepis Longley & Hildebrand, 1940. Accessed through: World Register of Marine Species at: https://www.marinespecies.org/aphia.php?p=taxdetails&id=275717 on 2023-01-19",urn:lsid:marinespecies.org:taxname:275717,1,0,0,0,NA,exact,2008-01-15T17:27:08.177Z
55,Microgobius meeki,275716,https://www.marinespecies.org/aphia.php?p=taxdetails&id=275716,Microgobius meeki,"Evermann & Marsh, 1899",accepted,NA,220,Species,275716,Microgobius meeki,"Evermann & Marsh, 1899",158803,Animalia,Chordata,Teleostei,Gobiiformes,Gobiidae,Microgobius,"Froese, R. and D. Pauly. Editors. (2023). FishBase. Microgobius meeki Evermann & Marsh, 1899. Accessed through: World Register of Marine Species at: https://www.marinespecies.org/aphia.php?p=taxdetails&id=275716 on 2023-01-19",urn:lsid:marinespecies.org:taxname:275716,1,0,0,0,NA,exact,2008-01-15T17:27:08.177Z
56,Microgobius signatus,275719,https://www.marinespecies.org/aphia.php?p=taxdetails&id=275719,Microgobius signatus,"Poey, 1876",accepted,NA,220,Species,275719,Microgobius signatus,"Poey, 1876",158803,Animalia,Chordata,Teleostei,Gobiiformes,Gobiidae,Microgobius,"Froese, R. and D. Pauly. Editors. (2023). FishBase. Microgobius signatus Poey, 1876. Accessed through: World Register of Marine Species at: https://www.marinespecies.org/aphia.php?p=taxdetails&id=275719 on 2023-01-19",urn:lsid:marinespecies.org:taxname:275719,1,0,0,0,NA,exact,2008-01-15T17:27:08.177Z
57,Elacatinus illecebrosus,280606,https://www.marinespecies.org/aphia.php?p=taxdetails&id=280606,Elacatinus illecebrosus,"(Böhlke & Robins, 1968)",accepted,NA,220,Species,280606,Elacatinus illecebrosus,"(Böhlke & Robins, 1968)",269045,Animalia,Chordata,Teleostei,Gobiiformes,Gobiidae,Elacatinus,"Froese, R. and D. Pauly. Editors. (2023). FishBase. Elacatinus illecebrosus (Böhlke & Robins, 1968). Accessed through: World Register of Marine Species at: https://www.marinespecies.org/aphia.php?p=taxdetails&id=280606 on 2023-01-19",urn:lsid:marinespecies.org:taxname:280606,1,0,0,0,NA,exact,2008-01-15T17:27:08.177Z
58,Gnatholepis thompsoni,277493,https://www.marinespecies.org/aphia.php?p=taxdetails&id=277493,Gnatholepis thompsoni,"Jordan, 1904",accepted,NA,220,Species,277493,Gnatholepis thompsoni,"Jordan, 1904",204522,Animalia,Chordata,Teleostei,Gobiiformes,Gobiidae,Gnatholepis,"Froese, R. and D. Pauly. Editors. (2023). FishBase. Gnatholepis thompsoni Jordan, 1904. Accessed through: World Register of Marine Species at: https://www.marinespecies.org/aphia.php?p=taxdetails&id=277493 on 2023-01-19",urn:lsid:marinespecies.org:taxname:277493,1,0,0,0,NA,exact,2008-01-15T17:27:08.177Z
59,Lophogobius cyprinoides,281396,https://www.marinespecies.org/aphia.php?p=taxdetails&id=281396,Lophogobius cyprinoides,"(Pallas, 1770)",accepted,NA,220,Species,281396,Lophogobius cyprinoides,"(Pallas, 1770)",269731,Animalia,Chordata,Teleostei,Gobiiformes,Gobiidae,Lophogobius,"Froese, R. and D. Pauly. Editors. (2023). FishBase. Lophogobius cyprinoides (Pallas, 1770). Accessed through: World Register of Marine Species at: https://www.marinespecies.org/aphia.php?p=taxdetails&id=281396 on 2023-01-19",urn:lsid:marinespecies.org:taxname:281396,1,1,1,0,NA,exact,2008-01-15T17:27:08.177Z
60,Tigrigobius saucrus,1013785,https://www.marinespecies.org/aphia.php?p=taxdetails&id=1013785,Tigrigobius saucrus,"(Robins, 1960)",accepted,NA,220,Species,1013785,Tigrigobius saucrus,"(Robins, 1960)",712341,Animalia,Chordata,Teleostei,Gobiiformes,Gobiidae,Tigrigobius,"Froese, R. and D. Pauly. Editors. (2023). FishBase. Tigrigobius saucrus (Robins, 1960). Accessed through: World Register of Marine Species at: https://www.marinespecies.org/aphia.php?p=taxdetails&id=1013785 on 2023-01-19",urn:lsid:marinespecies.org:taxname:1013785,1,0,0,0,NA,exact,2022-03-02T13:57:09.730Z
61,Calamus pennatula,275972,https://www.marinespecies.org/aphia.php?p=taxdetails&id=275972,Calamus pennatula,"Guichenot, 1868",accepted,NA,220,Species,275972,Calamus pennatula,"Guichenot, 1868",159240,Animalia,Chordata,Teleostei,Eupercaria incertae sedis,Sparidae,Calamus,"Froese, R. and D. Pauly. Editors. (2023). FishBase. Calamus pennatula Guichenot, 1868. Accessed through: World Register of Marine Species at: https://www.marinespecies.org/aphia.php?p=taxdetails&id=275972 on 2023-01-19",urn:lsid:marinespecies.org:taxname:275972,1,0,0,0,NA,exact,2008-01-15T17:27:08.177Z
62,Parablennius marmoreus,159609,https://www.marinespecies.org/aphia.php?p=taxdetails&id=159609,Parablennius marmoreus,"(Poey, 1876)",accepted,NA,220,Species,159609,Parablennius marmoreus,"(Poey, 1876)",125920,Animalia,Chordata,Teleostei,Blenniiformes,Blenniidae,Parablennius,"Froese, R. and D. Pauly. Editors. (2023). FishBase. Parablennius marmoreus (Poey, 1876). Accessed through: World Register of Marine Species at: https://www.marinespecies.org/aphia.php?p=taxdetails&id=159609 on 2023-01-19",urn:lsid:marinespecies.org:taxname:159609,1,0,0,0,NA,exact,2008-01-15T17:27:08.177Z
63,Ophioblennius atlanticus,126769,https://www.marinespecies.org/aphia.php?p=taxdetails&id=126769,Ophioblennius atlanticus,"(Valenciennes, 1836)",accepted,NA,220,Species,126769,Ophioblennius atlanticus,"(Valenciennes, 1836)",125919,Animalia,Chordata,Teleostei,Blenniiformes,Blenniidae,Ophioblennius,"Froese, R. and D. Pauly. Editors. (2023). FishBase. Ophioblennius atlanticus (Valenciennes, 1836). Accessed through: World Register of Marine Species at: https://www.marinespecies.org/aphia.php?p=taxdetails&id=126769 on 2023-01-19",urn:lsid:marinespecies.org:taxname:126769,1,0,0,0,NA,exact,2008-01-15T17:27:08.177Z
64,Hypleurochilus geminatus,159602,https://www.marinespecies.org/aphia.php?p=taxdetails&id=159602,Hypleurochilus geminatus,"(Wood, 1825)",accepted,NA,220,Species,159602,Hypleurochilus geminatus,"(Wood, 1825)",159601,Animalia,Chordata,Teleostei,Blenniiformes,Blenniidae,Hypleurochilus,"Froese, R. and D. Pauly. Editors. (2023). FishBase. Hypleurochilus geminatus (Wood, 1825). Accessed through: World Register of Marine Species at: https://www.marinespecies.org/aphia.php?p=taxdetails&id=159602 on 2023-01-19",urn:lsid:marinespecies.org:taxname:159602,1,0,0,0,NA,exact,2008-01-15T17:27:08.177Z
65,Paraclinus nigripinnis,282031,https://www.marinespecies.org/aphia.php?p=taxdetails&id=282031,Paraclinus nigripinnis,"(Steindachner, 1867)",accepted,NA,220,Species,282031,Paraclinus nigripinnis,"(Steindachner, 1867)",270199,Animalia,Chordata,Teleostei,Blenniiformes,Labrisomidae,Paraclinus,"Froese, R. and D. Pauly. Editors. (2023). FishBase. Paraclinus nigripinnis (Steindachner, 1867). Accessed through: World Register of Marine Species at: https://www.marinespecies.org/aphia.php?p=taxdetails&id=282031 on 2023-01-19",urn:lsid:marinespecies.org:taxname:282031,1,0,0,0,NA,exact,2008-01-15T17:27:08.177Z
66,Caranx crysos,126802,https://www.marinespecies.org/aphia.php?p=taxdetails&id=126802,Caranx crysos,"(Mitchill, 1815)",accepted,NA,220,Species,126802,Caranx crysos,"(Mitchill, 1815)",125936,Animalia,Chordata,Teleostei,Carangiformes,Carangidae,Caranx,"Froese, R. and D. Pauly. Editors. (2023). FishBase. Caranx crysos (Mitchill, 1815). Accessed through: World Register of Marine Species at: https://www.marinespecies.org/aphia.php?p=taxdetails&id=126802 on 2023-01-19",urn:lsid:marinespecies.org:taxname:126802,1,1,0,0,NA,exact,2020-09-24T06:35:24.693Z
67,Caranx latus,126804,https://www.marinespecies.org/aphia.php?p=taxdetails&id=126804,Caranx latus,"Agassiz, 1831",accepted,NA,220,Species,126804,Caranx latus,"Agassiz, 1831",125936,Animalia,Chordata,Teleostei,Carangiformes,Carangidae,Caranx,"Froese, R. and D. Pauly. Editors. (2023). FishBase. Caranx latus Agassiz, 1831. Accessed through: World Register of Marine Species at: https://www.marinespecies.org/aphia.php?p=taxdetails&id=126804 on 2023-01-19",urn:lsid:marinespecies.org:taxname:126804,1,1,1,0,NA,exact,2008-01-15T17:27:08.177Z
68,Caranx bartholomaei,302312,https://www.marinespecies.org/aphia.php?p=taxdetails&id=302312,Caranx bartholomaei,"Cuvier, 1833",accepted,NA,220,Species,302312,Caranx bartholomaei,"Cuvier, 1833",125936,Animalia,Chordata,Teleostei,Carangiformes,Carangidae,Caranx,"Froese, R. and D. Pauly. Editors. (2023). FishBase. Caranx bartholomaei Cuvier, 1833. Accessed through: World Register of Marine Species at: https://www.marinespecies.org/aphia.php?p=taxdetails&id=302312 on 2023-01-19",urn:lsid:marinespecies.org:taxname:302312,1,0,0,0,NA,exact,2022-06-02T07:27:35.967Z
69,Carangoides ruber,159474,https://www.marinespecies.org/aphia.php?p=taxdetails&id=159474,Carangoides ruber,"(Bloch, 1793)",unaccepted,NA,220,Species,302432,Caranx ruber,"(Bloch, 1793)",159473,Animalia,Chordata,Teleostei,Carangiformes,Carangidae,Carangoides,"Froese, R. and D. Pauly. Editors. (2023). FishBase. Carangoides ruber (Bloch, 1793). Accessed through: World Register of Marine Species at: https://www.marinespecies.org/aphia.php?p=taxdetails&id=159474 on 2023-01-19",urn:lsid:marinespecies.org:taxname:159474,1,0,0,0,NA,exact,2013-01-08T14:26:18.763Z
70,Oligoplites saurus,159645,https://www.marinespecies.org/aphia.php?p=taxdetails&id=159645,Oligoplites saurus,"(Bloch & Schneider, 1801)",accepted,NA,220,Species,159645,Oligoplites saurus,"(Bloch & Schneider, 1801)",159642,Animalia,Chordata,Teleostei,Carangiformes,Carangidae,Oligoplites,"Froese, R. and D. Pauly. Editors. (2023). FishBase. Oligoplites saurus (Bloch & Schneider, 1801). Accessed through: World Register of Marine Species at: https://www.marinespecies.org/aphia.php?p=taxdetails&id=159645 on 2023-01-19",urn:lsid:marinespecies.org:taxname:159645,1,1,0,0,NA,exact,2008-01-15T17:27:08.177Z
71,Eucinostomus melanopterus,276423,https://www.marinespecies.org/aphia.php?p=taxdetails&id=276423,Eucinostomus melanopterus,"(Bleeker, 1863)",accepted,NA,220,Species,276423,Eucinostomus melanopterus,"(Bleeker, 1863)",159731,Animalia,Chordata,Teleostei,Eupercaria incertae sedis,Gerreidae,Eucinostomus,"Froese, R. and D. Pauly. Editors. (2023). FishBase. Eucinostomus melanopterus (Bleeker, 1863). Accessed through: World Register of Marine Species at: https://www.marinespecies.org/aphia.php?p=taxdetails&id=276423 on 2023-01-19",urn:lsid:marinespecies.org:taxname:276423,1,1,1,0,NA,exact,2008-01-15T17:27:08.177Z
72,Gerres cinereus,276954,https://www.marinespecies.org/aphia.php?p=taxdetails&id=276954,Gerres cinereus,"(Walbaum, 1792)",accepted,NA,220,Species,276954,Gerres cinereus,"(Walbaum, 1792)",204064,Animalia,Chordata,Teleostei,Eupercaria incertae sedis,Gerreidae,Gerres,"Froese, R. and D. Pauly. Editors. (2023). FishBase. Gerres cinereus (Walbaum, 1792). Accessed through: World Register of Marine Species at: https://www.marinespecies.org/aphia.php?p=taxdetails&id=276954 on 2023-01-19",urn:lsid:marinespecies.org:taxname:276954,1,1,1,0,NA,exact,2008-01-15T17:27:08.177Z
73,Chloroscombrus chrysurus,159483,https://www.marinespecies.org/aphia.php?p=taxdetails&id=159483,Chloroscombrus chrysurus,"(Linnaeus, 1766)",accepted,NA,220,Species,159483,Chloroscombrus chrysurus,"(Linnaeus, 1766)",159481,Animalia,Chordata,Teleostei,Carangiformes,Carangidae,Chloroscombrus,"Froese, R. and D. Pauly. Editors. (2023). FishBase. Chloroscombrus chrysurus (Linnaeus, 1766). Accessed through: World Register of Marine Species at: https://www.marinespecies.org/aphia.php?p=taxdetails&id=159483 on 2023-01-19",urn:lsid:marinespecies.org:taxname:159483,1,1,0,0,NA,exact,2008-01-15T17:27:08.177Z
74,Archosargus rhomboidalis,159239,https://www.marinespecies.org/aphia.php?p=taxdetails&id=159239,Archosargus rhomboidalis,"(Linnaeus, 1758)",accepted,NA,220,Species,159239,Archosargus rhomboidalis,"(Linnaeus, 1758)",159237,Animalia,Chordata,Teleostei,Eupercaria incertae sedis,Sparidae,Archosargus,"Froese, R. and D. Pauly. Editors. (2023). FishBase. Archosargus rhomboidalis (Linnaeus, 1758). Accessed through: World Register of Marine Species at: https://www.marinespecies.org/aphia.php?p=taxdetails&id=159239 on 2023-01-19",urn:lsid:marinespecies.org:taxname:159239,1,1,0,0,NA,exact,2008-01-15T17:27:08.177Z
75,Calamus bajonado,159241,https://www.marinespecies.org/aphia.php?p=taxdetails&id=159241,Calamus bajonado,"(Bloch & Schneider, 1801)",accepted,NA,220,Species,159241,Calamus bajonado,"(Bloch & Schneider, 1801)",159240,Animalia,Chordata,Teleostei,Eupercaria incertae sedis,Sparidae,Calamus,"Froese, R. and D. Pauly. Editors. (2023). FishBase. Calamus bajonado (Bloch & Schneider, 1801). Accessed through: World Register of Marine Species at: https://www.marinespecies.org/aphia.php?p=taxdetails&id=159241 on 2023-01-19",urn:lsid:marinespecies.org:taxname:159241,1,0,0,0,NA,exact,2008-01-15T17:27:08.177Z
76,Scomberomorus regalis,273819,https://www.marinespecies.org/aphia.php?p=taxdetails&id=273819,Scomberomorus regalis,"(Bloch, 1793)",accepted,NA,220,Species,273819,Scomberomorus regalis,"(Bloch, 1793)",126064,Animalia,Chordata,Teleostei,Scombriformes,Scombridae,Scomberomorus,"Froese, R. and D. Pauly. Editors. (2023). FishBase. Scomberomorus regalis (Bloch, 1793). Accessed through: World Register of Marine Species at: https://www.marinespecies.org/aphia.php?p=taxdetails&id=273819 on 2023-01-19",urn:lsid:marinespecies.org:taxname:273819,1,0,0,0,NA,exact,2008-01-15T17:27:08.177Z
77,Chaetodipterus faber,159703,https://www.marinespecies.org/aphia.php?p=taxdetails&id=159703,Chaetodipterus faber,"(Broussonet, 1782)",accepted,NA,220,Species,159703,Chaetodipterus faber,"(Broussonet, 1782)",159702,Animalia,Chordata,Teleostei,Acanthuriformes,Ephippidae,Chaetodipterus,"Froese, R. and D. Pauly. Editors. (2023). FishBase. Chaetodipterus faber (Broussonet, 1782). Accessed through: World Register of Marine Species at: https://www.marinespecies.org/aphia.php?p=taxdetails&id=159703 on 2023-01-19",urn:lsid:marinespecies.org:taxname:159703,1,1,0,0,NA,exact,2008-01-15T17:27:08.177Z
78,Sphyraena barracuda,345843,https://www.marinespecies.org/aphia.php?p=taxdetails&id=345843,Sphyraena barracuda,"(Edwards, 1771)",accepted,NA,220,Species,345843,Sphyraena barracuda,"(Edwards, 1771)",126084,Animalia,Chordata,Teleostei,Carangaria incertae sedis,Sphyraenidae,Sphyraena,"Froese, R. and D. Pauly. Editors. (2023). FishBase. Sphyraena barracuda (Edwards, 1771). Accessed through: World Register of Marine Species at: https://www.marinespecies.org/aphia.php?p=taxdetails&id=345843 on 2023-01-19",urn:lsid:marinespecies.org:taxname:345843,1,1,0,0,NA,exact,2009-06-16T07:05:49.343Z
79,Echeneis neucratoides,159678,https://www.marinespecies.org/aphia.php?p=taxdetails&id=159678,Echeneis neucratoides,"Zuiew, 1789",accepted,NA,220,Species,159678,Echeneis neucratoides,"Zuiew, 1789",125962,Animalia,Chordata,Teleostei,Carangiformes,Echeneidae,Echeneis,"Froese, R. and D. Pauly. Editors. (2023). FishBase. Echeneis neucratoides Zuiew, 1789. Accessed through: World Register of Marine Species at: https://www.marinespecies.org/aphia.php?p=taxdetails&id=159678 on 2023-01-19",urn:lsid:marinespecies.org:taxname:159678,1,0,0,0,NA,exact,2013-01-08T10:48:02.203Z
80,Pseudupeneus maculatus,159421,https://www.marinespecies.org/aphia.php?p=taxdetails&id=159421,Pseudupeneus maculatus,"(Bloch, 1793)",accepted,NA,220,Species,159421,Pseudupeneus maculatus,"(Bloch, 1793)",126035,Animalia,Chordata,Teleostei,Mulliformes,Mullidae,Pseudupeneus,"Froese, R. and D. Pauly. Editors. (2023). FishBase. Pseudupeneus maculatus (Bloch, 1793). Accessed through: World Register of Marine Species at: https://www.marinespecies.org/aphia.php?p=taxdetails&id=159421 on 2023-01-19",urn:lsid:marinespecies.org:taxname:159421,1,0,0,0,NA,exact,2008-01-15T17:27:08.177Z
81,Centropomus undecimalis,280068,https://www.marinespecies.org/aphia.php?p=taxdetails&id=280068,Centropomus undecimalis,"(Bloch, 1792)",accepted,NA,220,Species,280068,Centropomus undecimalis,"(Bloch, 1792)",268680,Animalia,Chordata,Teleostei,Carangaria incertae sedis,Centropomidae,Centropomus,"Froese, R. and D. Pauly. Editors. (2023). FishBase. Centropomus undecimalis (Bloch, 1792). Accessed through: World Register of Marine Species at: https://www.marinespecies.org/aphia.php?p=taxdetails&id=280068 on 2023-01-19",urn:lsid:marinespecies.org:taxname:280068,1,1,1,0,NA,exact,2008-01-15T17:27:08.177Z
82,Opistognathus aurifrons,276442,https://www.marinespecies.org/aphia.php?p=taxdetails&id=276442,Opistognathus aurifrons,"(Jordan & Thompson, 1905)",accepted,NA,220,Species,276442,Opistognathus aurifrons,"(Jordan & Thompson, 1905)",159746,Animalia,Chordata,Teleostei,Ovalentaria incertae sedis,Opistognathidae,Opistognathus,"Froese, R. and D. Pauly. Editors. (2023). FishBase. Opistognathus aurifrons (Jordan & Thompson, 1905). Accessed through: World Register of Marine Species at: https://www.marinespecies.org/aphia.php?p=taxdetails&id=276442 on 2023-01-19",urn:lsid:marinespecies.org:taxname:276442,1,0,0,0,NA,exact,2008-01-15T17:27:08.177Z
83,Scomberomorus maculatus,159342,https://www.marinespecies.org/aphia.php?p=taxdetails&id=159342,Scomberomorus maculatus,"(Mitchill, 1815)",accepted,NA,220,Species,159342,Scomberomorus maculatus,"(Mitchill, 1815)",126064,Animalia,Chordata,Teleostei,Scombriformes,Scombridae,Scomberomorus,"Froese, R. and D. Pauly. Editors. (2023). FishBase. Scomberomorus maculatus (Mitchill, 1815). Accessed through: World Register of Marine Species at: https://www.marinespecies.org/aphia.php?p=taxdetails&id=159342 on 2023-01-19",urn:lsid:marinespecies.org:taxname:159342,1,0,0,0,NA,exact,2008-01-15T17:27:08.177Z
84,Odontoscion dentex,281837,https://www.marinespecies.org/aphia.php?p=taxdetails&id=281837,Odontoscion dentex,"(Cuvier, 1830)",accepted,NA,220,Species,281837,Odontoscion dentex,"(Cuvier, 1830)",270076,Animalia,Chordata,Teleostei,Eupercaria incertae sedis,Sciaenidae,Odontoscion,"Froese, R. and D. Pauly. Editors. (2023). FishBase. Odontoscion dentex (Cuvier, 1830). Accessed through: World Register of Marine Species at: https://www.marinespecies.org/aphia.php?p=taxdetails&id=281837 on 2023-01-19",urn:lsid:marinespecies.org:taxname:281837,1,0,0,0,NA,exact,2008-01-15T17:27:08.177Z
85,Chilomycterus antennatus,275239,https://www.marinespecies.org/aphia.php?p=taxdetails&id=275239,Chilomycterus antennatus,"(Cuvier, 1816)",accepted,NA,220,Species,275239,Chilomycterus antennatus,"(Cuvier, 1816)",126230,Animalia,Chordata,Teleostei,Tetraodontiformes,Diodontidae,Chilomycterus,"Froese, R. and D. Pauly. Editors. (2023). FishBase. Chilomycterus antennatus (Cuvier, 1816). Accessed through: World Register of Marine Species at: https://www.marinespecies.org/aphia.php?p=taxdetails&id=275239 on 2023-01-19",urn:lsid:marinespecies.org:taxname:275239,1,0,0,0,NA,exact,2008-01-15T17:27:08.177Z
86,Diodon hystrix,127403,https://www.marinespecies.org/aphia.php?p=taxdetails&id=127403,Diodon hystrix,"Linnaeus, 1758",accepted,NA,220,Species,127403,Diodon hystrix,"Linnaeus, 1758",126231,Animalia,Chordata,Teleostei,Tetraodontiformes,Diodontidae,Diodon,"Froese, R. and D. Pauly. Editors. (2023). FishBase. Diodon hystrix Linnaeus, 1758. Accessed through: World Register of Marine Species at: https://www.marinespecies.org/aphia.php?p=taxdetails&id=127403 on 2023-01-19",urn:lsid:marinespecies.org:taxname:127403,1,0,0,0,NA,exact,2008-01-15T17:27:08.177Z
87,Monacanthus tuckeri,159499,https://www.marinespecies.org/aphia.php?p=taxdetails&id=159499,Monacanthus tuckeri,"Bean, 1906",accepted,NA,220,Species,159499,Monacanthus tuckeri,"Bean, 1906",159496,Animalia,Chordata,Teleostei,Tetraodontiformes,Monacanthidae,Monacanthus,"Froese, R. and D. Pauly. Editors. (2023). FishBase. Monacanthus tuckeri Bean, 1906. Accessed through: World Register of Marine Species at: https://www.marinespecies.org/aphia.php?p=taxdetails&id=159499 on 2023-01-19",urn:lsid:marinespecies.org:taxname:159499,1,0,0,0,NA,exact,2008-01-15T17:27:08.177Z
88,Cantherhines pullus,159493,https://www.marinespecies.org/aphia.php?p=taxdetails&id=159493,Cantherhines pullus,"(Ranzani, 1842)",accepted,NA,220,Species,159493,Cantherhines pullus,"(Ranzani, 1842)",159492,Animalia,Chordata,Teleostei,Tetraodontiformes,Monacanthidae,Cantherhines,"Froese, R. and D. Pauly. Editors. (2023). FishBase. Cantherhines pullus (Ranzani, 1842). Accessed through: World Register of Marine Species at: https://www.marinespecies.org/aphia.php?p=taxdetails&id=159493 on 2023-01-19",urn:lsid:marinespecies.org:taxname:159493,1,0,0,0,NA,exact,2008-01-15T17:27:08.177Z
89,Holocentrus adscensionis,159378,https://www.marinespecies.org/aphia.php?p=taxdetails&id=159378,Holocentrus adscensionis,"(Osbeck, 1765)",accepted,NA,220,Species,159378,Holocentrus adscensionis,"(Osbeck, 1765)",159376,Animalia,Chordata,Teleostei,Holocentriformes,Holocentridae,Holocentrus,"Froese, R. and D. Pauly. Editors. (2023). FishBase. Holocentrus adscensionis (Osbeck, 1765). Accessed through: World Register of Marine Species at: https://www.marinespecies.org/aphia.php?p=taxdetails&id=159378 on 2023-01-19",urn:lsid:marinespecies.org:taxname:159378,1,0,0,0,NA,exact,2008-01-15T17:27:08.177Z
90,Acanthostracion quadricornis,158920,https://www.marinespecies.org/aphia.php?p=taxdetails&id=158920,Acanthostracion quadricornis,"(Linnaeus, 1758)",accepted,NA,220,Species,158920,Acanthostracion quadricornis,"(Linnaeus, 1758)",126237,Animalia,Chordata,Teleostei,Tetraodontiformes,Ostraciidae,Acanthostracion,"Froese, R. and D. Pauly. Editors. (2023). FishBase. Acanthostracion quadricornis (Linnaeus, 1758). Accessed through: World Register of Marine Species at: https://www.marinespecies.org/aphia.php?p=taxdetails&id=158920 on 2023-01-19",urn:lsid:marinespecies.org:taxname:158920,1,0,0,0,NA,exact,2008-01-15T17:27:08.177Z
91,Canthigaster rostrata,127411,https://www.marinespecies.org/aphia.php?p=taxdetails&id=127411,Canthigaster rostrata,"(Bloch, 1786)",accepted,NA,220,Species,127411,Canthigaster rostrata,"(Bloch, 1786)",126238,Animalia,Chordata,Teleostei,Tetraodontiformes,Tetraodontidae,Canthigaster,"Froese, R. and D. Pauly. Editors. (2023). FishBase. Canthigaster rostrata (Bloch, 1786). Accessed through: World Register of Marine Species at: https://www.marinespecies.org/aphia.php?p=taxdetails&id=127411 on 2023-01-19",urn:lsid:marinespecies.org:taxname:127411,1,0,0,0,NA,exact,2008-01-15T17:27:08.177Z
92,Sphoeroides spengleri,158935,https://www.marinespecies.org/aphia.php?p=taxdetails&id=158935,Sphoeroides spengleri,"(Bloch, 1785)",accepted,NA,220,Species,158935,Sphoeroides spengleri,"(Bloch, 1785)",126241,Animalia,Chordata,Teleostei,Tetraodontiformes,Tetraodontidae,Sphoeroides,"Froese, R. and D. Pauly. Editors. (2023). FishBase. Sphoeroides spengleri (Bloch, 1785). Accessed through: World Register of Marine Species at: https://www.marinespecies.org/aphia.php?p=taxdetails&id=158935 on 2023-01-19",urn:lsid:marinespecies.org:taxname:158935,1,1,0,0,NA,exact,2008-01-15T17:27:08.177Z
93,Ablennes hians,159246,https://www.marinespecies.org/aphia.php?p=taxdetails&id=159246,Ablennes hians,"(Valenciennes, 1846)",accepted,NA,220,Species,159246,Ablennes hians,"(Valenciennes, 1846)",159244,Animalia,Chordata,Teleostei,Beloniformes,Belonidae,Ablennes,"Froese, R. and D. Pauly. Editors. (2023). FishBase. Ablennes hians (Valenciennes, 1846). Accessed through: World Register of Marine Species at: https://www.marinespecies.org/aphia.php?p=taxdetails&id=159246 on 2023-01-19",urn:lsid:marinespecies.org:taxname:159246,1,1,0,0,NA,exact,2008-01-15T17:27:08.177Z
94,Platybelone argalus,126377,https://www.marinespecies.org/aphia.php?p=taxdetails&id=126377,Platybelone argalus,"(Lesueur, 1821)",accepted,NA,220,Species,126377,Platybelone argalus,"(Lesueur, 1821)",125689,Animalia,Chordata,Teleostei,Beloniformes,Belonidae,Platybelone,"Froese, R. and D. Pauly. Editors. (2023). FishBase. Platybelone argalus (Lesueur, 1821). Accessed through: World Register of Marine Species at: https://www.marinespecies.org/aphia.php?p=taxdetails&id=126377 on 2023-01-19",urn:lsid:marinespecies.org:taxname:126377,1,0,0,0,NA,exact,2020-09-24T06:35:24.693Z
95,Amphichthys cryptocentrus,279590,https://www.marinespecies.org/aphia.php?p=taxdetails&id=279590,Amphichthys cryptocentrus,"(Valenciennes, 1837)",accepted,NA,220,Species,279590,Amphichthys cryptocentrus,"(Valenciennes, 1837)",268294,Animalia,Chordata,Teleostei,Batrachoidiformes,Batrachoididae,Amphichthys,"Froese, R. and D. Pauly. Editors. (2023). FishBase. Amphichthys cryptocentrus (Valenciennes, 1837). Accessed through: World Register of Marine Species at: https://www.marinespecies.org/aphia.php?p=taxdetails&id=279590 on 2023-01-19",urn:lsid:marinespecies.org:taxname:279590,1,0,0,0,NA,exact,2008-01-15T17:27:08.177Z
96,Jenkinsia lamprotaenia,281198,https://www.marinespecies.org/aphia.php?p=taxdetails&id=281198,Jenkinsia lamprotaenia,"(Gosse, 1851)",accepted,NA,220,Species,281198,Jenkinsia lamprotaenia,"(Gosse, 1851)",269531,Animalia,Chordata,Teleostei,Clupeiformes,Spratelloididae,Jenkinsia,"Froese, R. and D. Pauly. Editors. (2023). FishBase. Jenkinsia lamprotaenia (Gosse, 1851). Accessed through: World Register of Marine Species at: https://www.marinespecies.org/aphia.php?p=taxdetails&id=281198 on 2023-01-19",urn:lsid:marinespecies.org:taxname:281198,1,0,0,0,NA,exact,2008-01-15T17:27:08.177Z
97,Pterois volitans,159559,https://www.marinespecies.org/aphia.php?p=taxdetails&id=159559,Pterois volitans,"(Linnaeus, 1758)",accepted,NA,220,Species,159559,Pterois volitans,"(Linnaeus, 1758)",204051,Animalia,Chordata,Teleostei,Perciformes,Scorpaenidae,Pterois,"Froese, R. and D. Pauly. Editors. (2023). FishBase. Pterois volitans (Linnaeus, 1758). Accessed through: World Register of Marine Species at: https://www.marinespecies.org/aphia.php?p=taxdetails&id=159559 on 2023-01-19",urn:lsid:marinespecies.org:taxname:159559,1,0,0,0,NA,exact,2009-06-09T07:13:02.347Z
98,Aulostomus maculatus,278080,https://www.marinespecies.org/aphia.php?p=taxdetails&id=278080,Aulostomus maculatus,"Valenciennes, 1841",accepted,NA,220,Species,278080,Aulostomus maculatus,"Valenciennes, 1841",205363,Animalia,Chordata,Teleostei,Syngnathiformes,Aulostomidae,Aulostomus,"Froese, R. and D. Pauly. Editors. (2023). FishBase. Aulostomus maculatus Valenciennes, 1841. Accessed through: World Register of Marine Species at: https://www.marinespecies.org/aphia.php?p=taxdetails&id=278080 on 2023-01-19",urn:lsid:marinespecies.org:taxname:278080,1,0,0,0,NA,exact,2008-01-15T17:27:08.177Z
